place_0,성산일출봉,관광지,33.458,126.942,0.06888437030500963,0.051590880588060495,-0.015885683833831002,-0.048216649941407334,0.002254944273721707,-0.019013172509917145,0.05675971780695452,-0.039337454784214514,-0.004680609169528838,0.016676407891006245,0.08162257703906703,0.0009373711634780568,-0.04363243112005924,0.05116084083144479,0.02367379933506633,-0.04989873172751189,0.08194925119364802,0.09655709520753061,0.062043447199317925,0.08043319008791655,-0.03797048613613348,0.04596634965202573,0.07976765759359869,0.036796786383088254,-0.005571456909457331,-0.07985975838632685,-0.01316563290924326,0.022177394688760316,0.08260221064757964,0.09332127355415176,-0.0045980446894565985,0.07306198555432802,-0.04790153792160812,0.06100556540260446,0.009739860767117858,-0.09719165996719621,0.04394093728079082,-0.02023529155514625,0.0649689954296466,0.033630640246370164,-0.09977143613711435,-0.0012844267069350712,0.07352055509855618,-0.051217824622573606,-0.03495912745052199,0.07409424642173093,-0.06178658169952189,0.013502148124134375,-0.05227681427695596,0.09350805005802867,0.06063589385597401,-0.010406085712885926,-0.08391083628949292,-0.035989079065490856,0.0015881285041147858,0.08656676484538137,-0.07818843081377927,0.01025344921811025,0.04131228197337794,0.00948818226568475,0.0628933726582672,0.008056721394064797,0.09276770919476018,0.020637125592276595,0.017523412835087265,-0.011002194744896762,0.019257372316621252,-0.02301977080546791,0.015130202832977696,-0.0419340995194484,-0.062121734289128774,-0.06265409434888898,0.022554635973721343,0.03133187779792576,-0.0046938015981238534,-0.08203512776088127,0.05152078439328736,0.07535407416455495,0.08467620318925614,0.06849204462803649,0.0796346242715758,0.08461648796403537,0.00811998498961089,-0.021740789953075018,0.04105667997088125,-0.04487317573757457,0.062325741701575704,0.06989719303727343,0.07900779348533504,0.017960236706231966,0.08995297464642413,0.01593900214912118,-0.00988737867376896,0.032049075724477794,0.09925156787071454,0.08338824358949123,0.05866501682604483,-0.08352540236067052,0.022556621008142444,-0.0027111596061666354
place_1,만장굴,관광지,33.528,126.772,-0.07312715117751976,0.06948674738744653,0.05275492379532282,-0.048986194852115666,-0.000912982581611807,-0.01010178704225237,0.0303185945445526,0.05774467022710264,-0.08122808264515302,-0.09433050469559874,0.06715302078397395,-0.013446586418989326,0.0524560164915884,-0.09957878932977787,-0.010922561189039712,0.044308006468156524,-0.054247555745909476,0.08905413911078447,0.08028549152229672,-0.0938820033932893,-0.09491082780130784,0.00828249455869931,0.08782983255570212,-0.02375915246235752,-0.05668012057387733,-0.015576684883456537,-0.09419184248502642,-0.055661666745392996,-0.012422481269885585,-0.0008375517236298702,-0.053383109948485476,-0.053826691691803145,-0.05624379253246228,-0.008079306852453283,-0.04204367708190289,-0.09570205894681823,0.06751559513251457,0.011290864530486694,0.028458872586489103,-0.06281874682105645,0.09850868243521302,0.07198930575905799,-0.07582200803883872,-0.03346096292797418,0.044296881516653674,0.04223835393905592,0.08728811735989192,-0.015578600007716964,0.0660071386548654,0.03406111328281419,-0.03932629781341648,0.017516121228711892,0.07649580016637156,0.06923948368566255,0.0010567641159200808,0.017800451596510336,-0.09309483396973169,-0.05145200529138647,0.05948084951086058,-0.01713720013984514,-0.06539851968418982,0.009759752277630596,0.04060815241312629,0.03489716610046545,-0.025059395899671946,-0.012207673991087381,0.0016852976499963646,0.05568852300002916,0.004187683522629035,-0.021348981007154794,-0.0020612959075483606,-0.0940850072066186,-0.09130254192869453,0.04067641772076719,0.09663754346193479,0.018636746076011512,-0.02128006272441721,-0.06593016062886375,0.00044771168669661965,0.09641532750770684,0.05410462796616011,0.007923489689955751,0.07205795578410992,-0.05356477438739709,0.002754332637527404,0.0904934776536539,0.015558961560240614,-0.00817365361786633,-0.04614410451171576,0.009599261893249778,0.09142325629204537,-0.09885817410992143,0.05673104652307798,0.0640971823850964,0.07723591616520165,0.04810068236663928,0.06182798017449592,0.0037356567046004097,0.012271572955675797,-0.014781864062369962
place_2,천지연폭포,관광지,33.247,126.559,0.0912068543778499,0.0895654974118699,-0.08868972645463827,-0.08302560096821568,0.06709977562588992,0.04719399781370465,0.03394608028804419,-0.03837270848217116,0.02118883313569249,0.021360346728167584,0.016240803422400613,-0.0683234259490389,-0.013866071941746272,-0.021293635958925722,0.04460241624749317,0.09896391258994855,0.08987909461864871,0.00883540948586417,-0.011029162254829278,-0.046351851670134385,-0.09281513412142849,-0.0945110285818362,-0.007021227580537581,-0.03630697442926452,-0.023997015619857676,0.0783578915656575,0.005150553829205665,0.012102072205299769,-0.052775318576987584,-0.09522838417184357,-0.03497141424776799,-0.07266052140270668,0.00204476916744023,0.09973671363851042,0.03489593946917402,-0.06363130063537112,0.0787143073165977,0.05935198428432792,0.046880338378795544,0.0813187299795122,0.052577096766614206,0.05794952749235266,-0.029242604431679295,0.09619531461442532,0.09238018757964514,-0.06776306933919624,0.05080081433037442,0.0430301796474907,-0.007718660451604478,0.006071143224689005,-0.001997215629961732,0.08496641441891406,0.00016821252613097304,0.06630489795836245,-0.02921515902625682,0.07657018371625063,0.07994011775132515,-0.007797567023672472,0.013541014084048869,0.08406608783838576,0.04475459077440366,-0.002678289027682995,-0.05563779780179783,-0.03506655124622041,0.03991432761404873,-0.06678606290117478,0.0815880993252189,-0.04637249742003673,0.08227556717360937,-0.038087375010107866,0.09147234231123161,0.04124116127352093,0.000849763396663511,0.0035495512297104154,0.03028287979335814,0.017588942358896922,-0.03763113508979996,-0.058436305092414556,0.0023783316710564995,0.08683087182675572,0.02465301734517447,-0.08492492618519093,0.06407999894240338,0.04518985749545962,0.08153072419026416,-0.0617194533391765,0.048956544855470824,-0.08824822072026886,0.030581985486909935,-0.04538005353257013,-0.054676694151047395,0.07509823428964757,-0.07874680347089502,0.004472533071785995,0.07078860143697441,-0.05103360440619662,-0.057904212260870704,0.076116351873256,-0.015416470322060796,0.043392219780995056
place_3,한라산,관광지,33.361,126.529,-0.05240707458162173,0.008845845059190366,-0.026008966690384147,0.020784007719238898,0.025144060821610803,-0.08689422815203739,-0.09736640168902518,0.067493816419292,-0.04812919713439848,-0.05313380779066073,0.09912896710209257,-0.005947298495510414,0.06729229025487776,-0.004729358260133015,0.027813628108832394,-0.06987671519529522,0.026972131657037685,0.07360906142865936,0.004636242076660274,0.048250371240298046,0.0342822950739185,-0.08719371235460055,0.05164604925736346,0.018219916586263513,-0.039746468096857536,-0.09379764970605001,0.07310544739578914,-0.0054501822669066335,0.04376478481316062,0.07576256005109636,0.04282589672224052,0.08421973351677489,-0.021007319199851215,0.06018175419704566,-0.01107578878984787,0.08711734434090421,0.07577333206760833,-0.08050913805382456,-0.07280622795986623,-0.056602611753372535,0.0930960277796406,-0.012767626674514143,0.025329658173360803,-0.039794760314898925,0.0014485967658119103,-0.02282674823101949,-0.029817902245963993,0.017014821481072695,0.016850358594039785,0.08084035416955501,0.03639642732699333,0.0857891202400034,0.07128011327935113,0.09819792897376303,0.03425470843250364,-0.06738007560578604,0.07212750662325365,0.09292658946181229,0.08093919690244733,0.013821500694864694,0.04276340403483986,-0.057775003264880345,0.06632158605467084,0.014706470470256944,-0.04300850760275896,-0.08730788457095413,0.07078849768453604,0.09796120298431626,-0.08229638137805434,0.060119064251500376,-0.01790763453081823,-0.06984692510943809,-0.04122175063618756,0.053758377455468936,0.07455340492564028,-0.09116198777409133,0.022906505706361727,-0.09101195130079276,0.04368809548970326,-0.033809170796198496,0.07618106144947162,0.09612715136866792,0.0010840747296088082,0.09970178907515531,-0.0380659893047322,-0.08460585905891763,0.019952561759320142,-0.09372444756493646,-0.06052302871431612,-0.01841277287660184,0.022093424593468303,-0.06876020179728706,-0.09151283505575916,0.07355580678554449,-0.03723389601678166,0.09173188528169102,0.07933192828552033,-0.024442152117563468,-0.007918073430819045,0.004014596918512775
place_4,협재해수욕장,관광지,33.393,126.239,-0.0527903820525131,-0.07936679315385685,-0.0207883514778638,-0.06900554583951796,-0.08669698086408202,-0.019681797102985038,0.08359100861754379,0.0600904702991617,0.0530325205010877,-0.05561436486193647,0.007336001634962702,-0.04466347131170996,-0.06546709414292623,-0.07876334151369398,-0.0571199134842167,0.0854951262856121,0.06578400975568388,0.06133046934046468,0.06008956770859325,-0.061312876396151995,-0.03803000854009289,0.025395120482626016,0.04637894177574359,0.07092967159826943,0.07601015027223987,-0.08265634947301564,0.02117037674397597,0.03434029130329466,0.0011907551420830692,-0.06444196515184311,-0.005282422482970978,-0.08213075854692194,0.08691767277998161,0.07309683403701667,0.009527773917410776,-0.03995085208533507,0.08177405788293729,0.014473360337178304,0.07646344797575799,0.06960881764472693,0.0016744750665503155,-0.017210791373653597,0.019782494437997886,-0.013791396541338583,-0.0677358787756783,-0.0389776807134522,0.06251846372692413,-0.0913523061855503,-0.09073560019929748,0.0252701491079807,-0.04391335767675626,0.006924358975884434,-0.0057519827770013965,-0.0314313469155688,0.09945577483442247,-0.06088530113333693,-0.017441068718534986,-0.05946587676552073,0.026532996358203803,-0.04473903300806337,-0.028833849078529594,0.049388536198092525,-0.03586621935005162,0.011705796716678415,0.08086302030613154,-0.0798041122564281,-0.08767795159196484,-0.05422611195224705,0.05303244826525519,0.023086415025739424,-0.05251656603493482,-0.03378660092565307,-0.0644920613006886,-0.008196249565964833,-0.09143776244359608,0.0394583762923037,0.07918555582236453,0.090947519668469,0.04697559129478518,0.09197351832259024,-0.09636249494133851,-0.04220070641983136,0.09320135139362459,0.05504788704502969,-0.017914463786224896,0.08866167347059625,0.024102094292705822,0.06358556013965053,-0.04131794926862473,-0.06171695903825214,-0.011171552103764817,-0.07271247468881702,-0.023673073055133734,0.09236272448138097,-0.03373855416016272,-0.09812070673208709,-0.09104056141557496,-0.06608659123600898,0.056749134964271,-0.027455146614931134
place_5,우도,관광지,33.506,126.953,0.02458033897794039,0.04835739785214588,0.059038713113139324,0.08849005675541008,0.04797971494798614,0.08446499933308341,-0.09419895434327706,-0.006875469124378933,0.08867134339966273,0.029794910627384846,0.08018009835012455,-0.07735880706937114,-0.0061861904435672466,-0.050685433476033936,0.008752171847186088,0.01478823758562016,-0.09737716208221957,-0.05665403990723037,-0.04410352679777794,0.08326907436171038,0.05314509032582834,-0.06807915752839236,0.059429398286240914,-0.07224651632021938,0.023490504093223327,-0.07466015348994606,-0.09964502755949307,0.07428094894485643,-0.05810872350097643,-0.05690376615505355,0.09648422176518506,0.07448155308736037,-0.042138966450614705,0.0922955977900167,0.007844693774162123,0.03556609545011846,-0.05904409709324143,0.08819520021759983,0.03812838822138165,0.09331286246343909,0.0787483355152957,-0.040242220429226455,-0.02776201305552317,-0.06680878857405088,-0.0708596180918635,-0.08697205732486475,-0.039728179846107506,0.020621999481530873,-0.09932337612512865,0.035586849909538254,-0.03242062767442698,-0.03800841367937424,0.06370361492941418,-0.0038509626739922087,-0.03684137883071119,-0.003756322752627231,0.04093382682818186,-0.08859981409284201,0.09501991262884707,-0.09542688734945587,0.04995900445825466,0.06897617787762594,-0.09638649292429398,0.057547660796086836,-0.0267631048316279,0.01570376581137492,-0.09818432263609432,-0.0906545762602117,-0.06381610240979044,0.09103597991823328,-0.06069566589739837,0.05114728249026354,0.08593106391950422,0.08840876588553989,-0.031123637389397607,-0.02904135898841756,0.004940364138624004,0.05512060293979906,-0.07838942618703343,0.0496796112969326,0.05944533551826656,0.07193886383751602,-0.0926736840114345,0.08916003700843675,-0.08176402716564629,-0.03185189289915556,0.022165507618524843,0.08361743710666245,-0.03200809467483108,0.08483952388555813,0.009028807419647775,-0.03750992613141862,-0.036640002867324564,-0.06450444489900228,-0.0843607535558853,-0.0702263910753503,0.03783491746977502,0.09934536290734078,-0.06769410711507676,-0.09028956729030875
place_6,중문관광단지,관광지,33.239,126.414,0.0586680167523326,0.06439080846394538,-0.002993074413810942,-0.047675703411068415,-0.0999096570229858,0.03256371257675353,-0.005949148587111,0.051946127019578625,-0.025367925585231696,0.05402796718759803,-0.04546038286560586,0.06038309663252073,0.04596496652440321,-0.017198711766939323,0.007661043911055376,0.036410348257735675,-0.06140302484718252,0.010723033099656859,0.06102480996979465,-0.04689578911229959,0.060673061922262655,0.037137976420088176,0.068856464959233,-0.03288359643483714,-0.08137308156171355,0.060056543961085174,0.06095630265844862,-0.010957517177431361,-0.08124392516081208,-0.06056759104021312,0.026983770424739817,-0.041763287637306884,0.0902746007527159,0.01771395937020151,-0.05982513602390263,0.03108079867463681,-0.027924086918380775,0.08654744302142128,0.08190224050540182,0.0029302322505158074,0.02891436214749893,0.03958207054795082,0.06110098437024744,0.09527500110312354,-0.09431560392159455,-0.02772471570239113,0.020349448069466064,-0.03913511878642498,0.017831348060942692,-0.0820625074205441,0.07601576846631827,0.00505263686049795,-0.07663512139289322,0.03254823426587078,-0.03754386794715623,-0.06075517329602436,-0.0032511439580638346,-0.07237889081635596,-0.05802294487654596,0.07310783993599515,0.03964474875053842,-0.09749546022899946,0.055611501886163345,-0.09658825002910615,-0.03341758764126038,0.08088757048749329,0.024053051499453693,-0.03877509478534438,-0.024519040394762423,-0.02216688351459921,-0.07463305491398345,0.09997571928614052,-0.08923557224072676,-0.015422268816933093,0.04926260709513358,-0.020447140789059473,0.09619470602460706,-0.05093779145827158,0.0958512069121854,0.07845139891383265,0.0340434221483395,0.07790250993685782,-0.010561167025702825,0.06625190284850976,0.05921976726721345,0.0033373332417320906,-0.005814039254990605,0.04113459559758367,-0.018187247305027923,-0.08281382442691121,0.04930317801263884,-0.046836056632759915,-0.0024672005733440416,0.056805854983737886,-0.06557437923768025,-0.09562532821604271,-0.07530093751678238,0.01788311273124525,-0.027790175098837813,-0.04873755797336021
place_7,제주올레길,관광지,33.499,126.531,-0.03523344703336753,-0.06983016521509962,0.03018689460797075,-0.08551274266649145,0.007176400861337834,-0.026862216617482892,-0.08840021504505864,0.0014871466378840459,-0.09250086831160304,-0.013270863267522831,-0.08602891528507622,-0.08185739733122699,-0.015096162171497202,0.06537042493440762,-0.07523960777007088,-0.055352207078597095,0.02548664448111787,0.08954178849140113,0.01542058972349973,-0.020663905069843974,0.09525102111858402,-0.09068346387644875,0.07169369180973592,-0.04207814273366475,-0.0711489833285125,-0.07644155238432633,-0.03830363517961313,0.06322527182400628,-0.0638547240152125,0.016320032732493245,0.027782693785236817,-0.025520491454853758,0.009548893141911569,-0.08744220500533538,-0.08807976600675348,-0.058808257436134694,0.03607999463635719,-0.014481538866119428,-0.0371705659246417,0.01711237270152774,-0.009363124725844926,-0.040046600627263534,0.05887589630449824,0.03979888674591425,-0.051180697855569425,0.014884742051734207,0.005039300762290283,0.07502749911468579,0.04588905788784353,-0.0424124470219627,0.09603496949851642,-0.07638684434900758,-0.01637543564295456,0.05142818591304987,-0.06960309306789905,-0.00220737990483888,-0.09215854859051248,0.03364317130687905,0.05291417324256262,0.014605188055476795,0.07509556236617765,-0.037250497430380655,0.039059073254731846,0.01887397542100369,0.01597904085649844,-0.008758933739717395,0.06799355610250829,0.08893621902158749,-0.005180332516071112,0.03283044109493488,-0.08786611448055606,0.04029840426088477,0.02942577090553375,0.09861918789332683,0.06438495732194299,-0.043080893581170156,-0.022841711510657836,0.03373054317683763,-0.0954874143888823,-0.007660942740046833,-0.0663903242186911,-0.07658084110365362,-0.08820911613373793,0.05364659769450417,-0.07413195559626316,-0.05047703326061714,-0.02181005937335459,0.07428439482525989,-0.08388373975997228,-0.010162519810133802,0.009887981828807485,0.0766767652883025,0.06385596756714826,0.07279689393970304,-0.044315787097220574,-0.016940696557660284,-0.028245766933675046,0.0768385654396434,0.09154624079279824,-0.06981581884177822
place_8,테디베어뮤지엄,관광지,33.239,126.414,-0.05465882812379024,0.09245900716687658,-0.0747338202698281,0.04096338457432158,-0.08296294638984947,-0.05051180301418299,0.09982570783251582,-0.05812047362221744,0.02837368701442139,-0.008173247445520657,-0.00937351377237143,-0.0010034612221644645,-0.06155383155146357,0.06610425472659434,-0.08208687531188208,-0.05316340810205893,-0.09600173875516385,-0.04664650779936044,-0.018467227407808567,0.08041286008232568,-0.024184915831682183,-0.07725381454384002,-0.04832865879361745,0.0983204794142136,-0.0873822638595563,0.02403359238733685,-0.024558973151849336,0.032168634322366496,-0.032312282570571935,0.038260114321194444,-0.0004838930019855914,0.029944273109452635,0.080274992000932,0.016307308984387966,-0.07157240419579072,-0.08712530055684471,0.0892102867923153,-0.0022666339549128056,-0.0612292004403356,0.08920886495755992,0.015792357111369323,0.04578829196746104,0.07619193709662098,-0.04286935395401708,-0.028660652257443117,0.0756153008731007,-0.07300485348954835,0.05285905987219794,-0.08047670195727351,0.03803625153569373,0.040429083044872416,0.08999994642124542,0.06869859322105631,0.0007242808103348486,-0.06047036899806366,-0.06996802634635707,0.0057440389459646884,0.0019581640616896517,-0.085715833592233,0.08064412602293788,0.0014834462300910428,0.040258955277407,-0.0560089940664136,-0.051222743231200886,-0.09761676446243127,-0.03135374453694924,-0.04663154030791883,-0.01531962863389727,-0.02461478963739705,0.06686324135273078,0.07829354318517387,-0.06494980207466972,-0.020747211402263918,-0.06676366935291317,0.032634284871978864,0.0949691057587167,-0.05963834826190173,0.05329494798284093,-0.03999104929494397,-0.09735647470292763,0.052859633237798104,-0.031636815016870684,-0.06596859608720873,-0.012878540299635227,-0.0536561487033391,-0.017979804331068272,-0.010789326716728581,-0.016407690822870274,0.01770174364741961,-0.04225114030116198,-0.08097765589649514,-0.08294882526515002,-0.07869531845408675,0.004188906442052165,-0.027967221805965337,0.06153996428320102,0.0009846590284098289,0.041635468823511934,0.09601431281036624,-0.08740521939146542
place_9,제주민속촌,관광지,33.305,126.289,-0.007398528436995705,-0.025337613720991595,-0.07229211749710895,0.07331236999726828,-0.09871298918377534,0.0005564160104416793,0.07965959400638764,-0.0838370705633998,0.010854093635657217,0.023330008536723693,-0.0918208469030377,-0.02419607912091286,0.040696078458749396,-0.009595815909994851,0.04501307371644181,-0.06856856768067483,-0.05239755950669345,-0.07781049440439708,0.0012538103337964568,0.08476595728245911,0.0180856914271825,0.05484189344710222,-0.023267031029470364,0.049219043384885725,-0.07966611248410432,-0.04176438420271858,0.03484720025107424,0.04514127044826097,-0.015648920998608998,-0.0824575233868059,-0.04665328575465191,-0.05802197397270366,-0.04376311698308624,0.06190214014529394,-0.060103355782030944,0.07727994621585549,0.07587463768003538,-0.08904212877778306,-0.02423671954004994,-0.0016576526475804848,-0.09530336821566031,-0.015054929649481782,0.0812821251909906,-0.07759074574111023,0.019369128352216797,-0.07575351183956394,0.015740059610710053,0.07906068988471684,-0.05938936124709742,-0.09834948794174908,-0.08329928050460907,0.007953888055171762,-0.09650703146934006,-0.08303268764469306,-0.000651670191306436,0.08418526380982316,-0.01597851504561279,-0.020373035681002613,0.027743507571365983,-0.08131644025318674,0.015960030474300974,-0.06548896142882785,0.021777669667654112,0.09166518157899392,-0.08916535933316574,0.011012143914736774,0.021276163834315104,-0.07013910450764041,-0.04633788952695966,0.09897678133142246,0.09959285413360322,-0.07573287506601208,0.041093652549933773,0.09018455729803745,-0.05264278030136271,0.022225489474700932,-0.09139385113716765,-0.026810628405711343,0.03482494879075723,0.018051808424638854,0.054925000202229096,-0.082652177114232,-0.03056036962573841,0.0728072119976707,0.01682796532745419,-0.009739999160124954,-0.01956593960706568,0.0972143321438182,0.014887185015826379,-0.09632667693653073,0.05987397075853759,-0.03425756990817945,-0.01328550113483129,-0.057314559486946616,-0.011197106138412183,-0.03505808738663954,-0.08223668738133681,0.02590203327668744,-0.07938611281290026,0.05681975492114383
place_10,제주 흑돼지 맛집,맛집,33.499,126.531,0.014280518937982697,-0.014222189064977075,0.015618260226894082,-0.05878035357209965,0.06266425027146402,0.06471777450668911,0.030694506780235165,-0.06795408869623606,0.0041338719279849084,-0.03444543767558138,-0.050000664662719935,0.09056338182918233,0.09931139850789103,-0.0910887235099134,0.07203220745725822,0.020638122193637004,-0.02367880281617643,-0.04327635641865697,0.034992969426991205,-0.00863376978833888,0.03717229709491893,0.03236926401047022,-0.07340437105755744,0.05356756278879812,0.09648264980223817,0.09387763208098376,0.022665364109341793,-0.09114787342707582,-0.09918897116831851,-0.07320549459017323,0.08820045427916681,-0.03942788759418554,-0.02677087966791472,0.07963924890783766,-0.03712723900870987,0.009796436802481101,-0.012793808475175555,-0.0870011647746299,0.016909245140386026,0.06881357953238043,-0.06871621632251873,-0.0551402062627917,-0.017425958457031848,-0.0926150261882742,-0.0006793002766903589,0.06359657288592638,0.03157818775182181,0.006696747130554417,0.07102514815472002,-0.0700623730057197,0.013447095372624784,-0.02516503645038222,0.020260909422727888,-0.07741685962111276,0.05510254021456559,-0.08067883336312948,-0.0667272508413505,0.061489950404951144,0.08953878484469815,-0.013353699489702844,-0.01718383365033975,-0.05090362477184898,-0.0450593216068846,0.02345055419483326,-0.06430791785585495,-0.07610349913384458,-0.008853028263792348,-0.06701243868407356,0.029744966243245408,0.0642111348722994,0.05550227787507986,-0.0039733219551304905,-0.03048574875583661,-0.013057890201113115,-0.09899828501813034,0.04251464015792747,-0.033668555472900916,-0.03611535244789321,-0.0840149935159575,-0.01038881479979678,0.016569793460118817,-0.0218826116314232,0.07390910907948056,0.03467064334970257,-0.05171835163783903,0.005070769775318035,0.0821067635293195,0.004021938864282565,0.020420973747789867,-0.08744527523769581,-0.00212277669564713,-0.007711747440713124,-0.019774023986219524,-0.015912928370695578,0.01698700986687915,0.007733409684628628,-0.002020848241812742,-0.06684071189355847,-0.011730636509282494,0.09373563971218851
place_11,해녀의 집,맛집,33.458,126.942,-0.009524089298036276,0.011954477216099185,0.08484211680474588,-0.006869985980045332,0.0015682546124542174,0.017476965769979397,-0.06306793122902468,0.0023817278083611004,0.02597654404336039,0.05859537450399052,-0.08117530875415631,-0.0393197474750949,-0.08186589250163212,0.061928906873435524,0.038687696508247826,-0.09162393272603081,0.09643868415975565,0.09295155622511336,0.030784506706768078,0.023112540915714158,-0.06850118097196752,-0.09699985261007903,0.005676253234095749,-0.08808977896622901,-0.061958347440414174,-0.05161139726695705,-0.09398348215504229,-0.00721310775534309,-0.011893776668668643,0.06848542570370639,0.003824822952815346,0.02805834158383541,-4.536955864167802e-05,0.03248990637807364,-0.00853402368008846,-0.04436742006722283,0.09953124009261688,0.09913832833123984,0.06804310989857237,0.04156192429958988,-0.03694455659689003,-0.05406681967841889,-0.042192010537159576,-0.08595530008801483,0.053257577282081414,-0.019920039016301794,0.06931672437623573,-0.022697293658813095,0.09160847666396271,0.0694619546605609,-0.09989101258888591,-0.05805651705407777,0.0820543856208363,-0.006002544797266723,0.09607178823485843,-0.02051512238414377,-0.08539233123326043,0.025890982446804822,0.05570217173533018,-0.046044882629971466,-0.08257116032956598,-0.033482874907330415,0.09281524331875282,0.05160810339875177,-0.07640166411608984,-0.050722410221374005,-0.07979073820865899,-0.08802131941178466,0.05940430236879482,-0.06446437436032677,0.011859028322078968,-0.010515024499795689,-0.06186311694192679,0.04637884314287005,-0.07380658325667606,0.02874302474223342,-0.07669840247205889,-0.015848876550715804,-0.05742686539818212,-0.046041004561880344,0.09418581124373832,0.0606823006164143,-0.0391709700258021,0.07697302254979418,-0.05785795571311212,-0.021145072585589134,0.0708753803402461,0.028367131318092098,-0.07993344956322342,0.09786033950203449,-0.05735132628449549,-0.048344488427675913,0.05453793795456463,-0.03420891489045401,-0.04073504748021073,-0.08532028932231517,-0.08197656540761396,0.01654695963351041,-0.05139741597248753,0.02025676871638775
place_12,한라산 정상 카페,맛집,33.361,126.529,-0.005085864262290379,0.03149450053145106,0.03328209422496761,-0.07147992941492645,-0.09782791138198642,-0.02504910158732712,-0.04519037210433372,0.062069610447016754,0.0381185306077369,0.020291407745546636,0.011638009550669598,0.0322642171744002,-0.0709394410579794,-0.011989041615046034,-0.06754653552222228,0.08119459630586454,-0.08823513451782679,0.06376402556841607,-0.08507807327282452,0.03738910081870833,-0.032600081441646486,-0.019077143374270175,0.06848067356251236,-0.09627913993759946,-0.08784306076220623,0.08300672868198938,0.0017851832855402955,-0.08180440218828333,0.09742679808111393,0.08934260374865413,-0.07749447277059472,-0.015358677549181271,-0.0729860998101672,-0.037491861161546375,0.024290389654286454,-0.06729517433620374,0.03936689777012911,-0.08972933656699905,-0.06575718148462824,0.06313952965081154,-0.01989626048886925,-0.016231957572476682,0.01919419537423568,-0.004646351025556925,-0.023083721785025074,-0.09390112364183674,0.04526548546949602,0.09349177657345892,0.09526075391069869,0.03271920868987402,-0.028730961768198296,-0.02737428863922982,0.03802289275168505,0.034754564329836674,-0.07723351977411258,-0.053005514539431565,-0.02733552400579152,0.002270100374862166,0.06202141458553373,2.4246862656840396e-06,-0.09437134656173696,0.06451352366668503,-0.01396912480486219,0.003799460866661275,-0.05556640971354492,-0.014551389152581293,-0.022350775890938562,0.05438371540201958,-0.07947736419246242,0.009994273216487007,-0.06439009446206542,0.03917910795478069,-0.0926307820774877,-0.04469047412529628,-0.03116430252482326,0.0273859273282831,-0.0895882360428304,-0.008147592293760858,-0.05824131318977532,-0.04362084052617732,-0.00474751338817514,0.0917496202223596,-0.003795098900925581,0.09117837546546523,-0.06648739954124779,0.0848499485088238,-0.027161444452552044,-0.06215354387992922,0.04970555487257869,0.08240837843256221,-0.09866514958784266,-0.046349190301518385,0.0541345518847903,-0.03164205226370691,-0.051682654328724834,-0.09827402904420104,-0.09199541174239559,0.02381541895279063,0.0967630138411405,0.09969902716064794
place_13,제주 해산물 맛집,맛집,33.393,126.239,-0.048198301656905286,0.03705159859290738,0.03681638360322215,0.06986723227798605,-0.06285516522525292,-0.053888278206906386,-0.07056801636631645,-0.05496741288757748,0.0468047204425546,-0.07395739544804864,0.00626295036940365,-0.05721849390165186,-0.0410686492473275,-0.013683934321557484,0.06753130210065963,0.021680429574857274,-0.09711352140758163,-0.04483262921216866,-0.07065793561197709,0.07425694583968798,0.0619479222422121,0.06120936760671489,0.06527306802729649,0.048950030560441504,0.08986468335912698,0.05875411015304141,-0.0486584047142608,0.0699878025561986,-0.0026429013934123613,0.05100077025548022,0.01282771972033614,-0.014084470762717238,-0.02715947495605145,-0.014035545827977905,-0.03724772683493485,-0.07652798988524195,0.06392872869174951,0.05965172742871158,0.09713623711897404,0.038184530211057444,0.010845271663649153,0.04968229828350909,-0.07302924776020697,0.035364313019736165,-0.011320009028947448,-0.06467325047655764,-0.05947467359988101,0.004538660282266835,-0.04933764879239706,-0.00810819527244229,0.02109975558539727,-0.020848526225585598,-0.07384380761205778,-0.0018285728245579086,-0.052910601250296056,-0.052864334156183634,-0.061106209901651165,-0.02671201805606281,-0.08534484441521639,0.03024635408682516,0.09073320845313876,-0.02206224798831194,0.04377639803933403,0.08659556339309232,-0.09135829176767947,-0.07165088728364225,0.06121905550082116,0.06762907571363028,0.027811102947144672,-0.06804865638442101,-0.017301819121457118,0.07364830412161014,0.07723848485940629,0.06063442431478411,-0.059388341448615115,0.07073084358945222,-0.025048751353691334,0.0433022181046899,-0.07259849920654411,0.09426065788254234,0.02070000058063741,0.04454286321452955,-0.057656862047954,0.023448099259381364,0.016174910518221536,0.018244996724497906,-0.028129771973155124,0.045538715377282796,-0.031733222034348516,-0.04093498558867792,-0.06710331322639965,0.036806254916329384,-0.07754796460178806,-0.054888517905282534,-0.08617121513315269,0.02870536088215153,0.011230598102523207,0.008663118921455062,-0.09223450128569206,-0.012081879637604279
place_14,갈치조림 맛집,맛집,33.239,126.414,-0.07863429245966887,0.040517104797371084,0.030408404062855082,0.08807047791322359,-0.04577695468793537,-0.04884489731339217,0.04681187282893934,0.031690003648015164,-0.03940240522232899,0.03684662561539109,-0.02066527099339721,0.05550331757802249,-0.0763200860269123,-0.05534677673755009,0.08029261725493977,-0.028393464076741357,-0.0479195336093454,0.06085625683177773,0.02633278446833595,-0.0700592887981974,0.010266534485566692,0.032799810581400995,-0.06701035050957607,0.030339658364559374,-0.0753947308736675,-0.03258675481708724,-0.08335839916161501,-0.05911566040802141,0.09559990671557156,-0.019264840210549083,0.09808652689204495,-0.012270389651639152,0.02150624259471054,0.07451907640824201,0.037376700172059074,-0.07769370886865196,0.017816833611454225,0.026745874232437655,-0.06376039256923291,-0.08106550015955608,0.0749587841132697,0.002756291139498046,-0.061232257975890075,-0.009479818308178858,-0.05636241959819371,0.0596483801027019,9.602495226319896e-05,-0.07951439451994802,0.06362560242299728,-0.08209295231307807,-0.043866248252571266,-0.09440051889163914,0.04806824834923301,-0.07722507612973795,0.005152911820923728,-0.08140326078953047,-0.0039125144872459855,0.03707442606743097,0.006970094720554723,-0.008966619805209922,-0.0030258127155512182,-0.012591483566621473,0.01908932153386926,-0.08102915397826067,-0.005096367904427954,-0.052747333870477565,0.0730906257262332,0.08780404402175129,-0.08671023909882909,-0.07134060935817033,0.04069417456803459,0.01428943640203037,-0.09617880012787801,0.04097873181952047,0.08878646193033582,-0.015377929775722096,-0.03050189657550409,0.013880308520721488,0.08782718996859168,-0.04729228115737197,-0.03954296182084554,-0.06225788288891985,0.025683508157555518,-0.006148483160575174,-0.04878526911830892,-0.022421112510814772,-0.093044236015692,-0.03751022811951524,0.09658115506226486,0.01720876471201778,-0.043483214793246266,0.08722602099867802,-0.028344853237577544,-0.049693062731926196,-0.0929720536523369,-0.07075977358974209,-0.06019218116733219,-0.05399293564217476,0.07459619268874387,-0.047090722348687546
place_15,옥돔구이 전문점,맛집,33.305,126.289,0.09304842831042459,-0.09766906124157178,0.047198323959375094,-0.06839745504705037,0.09726789033256467,-0.09662386915840476,0.07589825362693423,0.03627013288028291,0.07146847649630497,0.09996324683322388,-0.05205696356724228,-0.03238444854866003,0.04163886659702554,-0.04388366283137255,-0.04733714857050786,-0.05427805493021676,0.07156741947884385,0.07490652107472415,0.05952319847549617,-0.05532175853008259,0.08496765602621931,0.002273989350299946,-0.053722826276496743,-0.008892637728635772,-0.016024934515921213,-0.08420814207031302,0.012938317357061968,-0.028007110298719343,0.013923141829900593,0.08604347362224127,0.029114250020069232,-0.018979914818869875,0.07271479786876622,0.09903458217656463,-0.0019486949455574526,0.08900496190609675,-0.09624998987360212,-0.0719363755972125,-0.06556109843544906,0.08761295793201626,0.03809699094905658,0.043816468145521315,-0.042676571711919235,-0.0010029850129936735,0.07741294630700224,-0.0800248713913069,-0.0767556452820102,-0.09051676679612941,-0.006267682126827448,0.06809643942341845,0.010998096012803174,-0.019708135839351937,0.0004113111382253454,-0.06415770717905017,0.08962659165273795,-0.02923971849931782,-0.05294801248592756,-0.03775340443172231,0.06498654280029978,-0.03634648712442563,0.0809613026329078,-0.032764512493942105,-0.011690299538032606,-0.08515980875904444,0.08149424618138082,0.05923029224939266,-0.005110639121905486,-0.07691988546193917,-0.0015033939632966842,-0.02477034030050218,0.06800054201487588,0.0855966299291688,0.04822123511484541,-0.04255757024256808,-0.09172423265773694,0.07878800043375941,0.08889989890911551,-0.06832502063693519,-1.4717034971759024e-05,-0.003805846165878937,0.09528574868804826,-0.09139023050619753,-0.08765869367947654,0.06874969911832016,0.013916189909408308,-0.007542222392893122,0.05554978512987302,0.01866809345650486,0.03848548191921933,-0.04887499261161801,-0.08301393894731479,-0.09821496150432613,-0.03337890095456324,0.029700013749730192,-0.024042225727999883,-0.030534407413059225,0.023710949622211874,0.04104017660369155,0.019090879627515725,-0.037652342694304376
place_16,전복죽 맛집,맛집,33.528,126.772,-0.027695445017184975,-0.0039038668797412024,-0.016609474678867045,-0.01064814924321536,-0.01809685401002077,0.031541165278854144,-0.048228923621984346,0.026999184820696825,-0.09797432527453101,-0.03959125904007084,-0.0329873298604562,-0.07160989649343319,0.04868285000638356,-0.03797834959301094,0.05784839871578018,0.09124100745140243,-0.04929879900757481,0.0787081407814619,0.06152736485905663,0.03348379378163219,-0.09452612926851367,-0.00864233434395864,0.025349750673088617,-0.040754869601979986,-0.05513289752207489,-0.038041962144102784,-0.04835299041825347,0.05756504250457947,-0.030443891146342758,-0.015375345175350885,0.028604470450082048,0.08967670882142253,-0.04139560076779798,-0.09119867938339893,0.0947768749052362,0.06651411354533146,0.058066239962252575,0.004674533565443853,-0.05303992258029209,-0.06909811897743612,-0.03915238333283677,-0.007823536614183266,-0.08685360973439207,0.03985704404451523,0.045576491728119645,-0.09738644444177656,0.06848567554994253,-0.0016936152965010554,0.08375308042747653,-0.004984355421364578,0.05914765614709258,-0.009146717439650412,0.022605462488761052,-0.00015351972827352955,-0.09544914518582248,-0.07121018214958866,-0.053547686458339454,-0.018756680344393414,-0.026150216112991134,0.007843907241521592,0.0318732569369177,-0.019997813397922864,-0.03612508851665741,0.0022244835920753464,0.09055320294773198,0.05656456750730615,0.031080637618870505,0.06339766989781334,-0.054437791824374075,-0.07981913580361688,-0.08137442984917356,-0.0756970312548681,-0.0981722125495757,0.025116205284887727,0.08375073349954815,-0.07727991977649047,0.037360058796735374,0.08811540729815123,0.0530765405188266,-0.06936401143708126,0.027670399387825728,-0.04890491479688124,-0.06437064620537844,-0.09777200335425325,0.005080661541882844,0.08379676657332855,-0.07919337802990829,-0.07055248578250517,-0.022333630312991,-0.09228311269732536,-0.007108618492465996,0.04605037937522438,-0.007849292069857586,-0.09219287029041788,-0.09393443210855212,-0.06035950567188331,0.033432470642576595,0.08498701448320278,0.0005688866737794812,-0.07934180377103368
place_17,고기국수 맛집,맛집,33.247,126.559,0.004396781942498637,0.06133815542373583,0.09209895486477535,-0.0420749244471069,0.053221487559590525,0.040843973368682535,0.03227661144476607,-0.07796759021655764,-0.09461264424189464,-0.02316577909114051,0.04927903923327687,-0.0495232464973556,0.00032053411360674633,-0.03651298189085006,0.06926556182568483,0.08903878290097786,-0.0196818126178661,0.0996894010174042,-0.08756144174951067,0.06252180008832312,0.07506330042565612,-0.06981690394460399,0.04111372311839015,0.01177837372093496,0.09103757245217375,-0.05799799810195554,0.007992670124024742,0.07649122136174005,0.027754636211959283,-0.038160094008334956,-0.08362722917305149,0.087955209402343,-0.005180305778718933,0.09926523655644465,-0.07167857187597293,0.06244085044961281,0.06267562434981774,0.08399500449952804,-0.09643313671233944,-0.025561431688513034,-0.08966620132792087,0.05040696671439279,-0.02907165281430535,0.09190104376858088,-0.02503419730055803,0.054874984927710646,0.07355773509362032,-0.052210686926410246,0.011363324841623362,0.09147843606556916,0.0053835540374613106,-0.028058436426353417,-0.046559928261879095,0.057293938510842135,-0.061450499672408766,0.02077928606963768,0.011109285851020376,0.010696165117207765,-0.07410281263266177,0.03171302722038083,0.08330584518286818,-0.03622420106719844,-0.03358536199612416,0.08180815216140933,0.01566903856754516,-0.045484457410705684,-0.09804732940997828,0.05065388976116994,-0.03039920029161107,-0.006568219148148952,-0.04549940306870481,0.026620398542219315,0.04579689681275195,-0.03804238251138279,-0.08499403633446237,0.0973581056524942,0.08200822395817317,-0.09586772230109973,0.01283696223087416,0.03719966581224235,-0.0193974502609838,0.046328094529262925,0.09196306612876112,0.018029312515935383,-0.021685233439078203,-0.060870368785564316,-0.0497163072811087,-0.06983970302893233,-0.07791844322178199,-0.05752205692197705,0.06840485777448829,0.007395592786553551,0.06098715497510754,0.08403715240286008,0.06215693699741562,-0.09011141335748125,0.08519181373566029,-0.08144155637721623,0.05419315295194857,0.06778870709321047
place_18,빙떡 전문점,맛집,33.506,126.953,-0.06374702733335574,0.03228610969904888,-0.033088059366499986,-0.06041207916749591,-0.0020969321903769045,-0.0011930641785649482,-0.004045491970371365,-0.008333777059837982,-0.047093939488950465,-0.049239812941501176,0.0383760200709104,-0.03511237126275017,0.03496411407358169,0.05743484076012981,0.07318910951487248,0.0888056826756605,-0.053088426338094276,-0.05252065330710159,0.046965139158868324,0.015108635288091726,-0.059626099749634204,0.035521003442646276,0.07465004586592469,0.06715728416095024,-0.05678076339320773,-0.04021011104435351,-0.09866741397568038,0.09513593078463445,-0.0559118929925641,0.04542085290838427,0.007579458275311965,0.018692512174259823,0.005347155440074941,0.06510578732129196,0.01998603002537691,-0.03936222858451313,-0.0770339589099187,-0.004519016194500014,0.0845906771730732,-0.07095954046244463,0.03678679137540933,0.026222391118531863,-0.06794773162923913,-0.058632447351145395,0.03724923105036482,-0.012602515322911303,-0.018598140011012454,-0.003931834438830162,-0.0797556148286009,0.04091998219674503,0.017675906806302377,0.006842435664026425,-0.032072991444617505,0.06231721167709883,0.06479310640280903,0.008972578450042581,-0.08226302937913797,-0.07041762996083606,-0.06956225113645198,-0.08423152677779314,0.02966176136227411,0.008696617711234395,-0.059226757388620516,0.08207139936627547,0.0259572541614142,0.05843282577221462,0.06360863079528095,0.036305699882227205,0.005355377504692144,0.0969467401345949,-0.0734202969476348,0.03785480238118591,0.07684793336266071,-0.004322079717815369,0.06343883485309221,-0.06372844072379946,-0.016752412722637097,-0.04582340015854221,-0.02060954767474628,0.04037502759785222,-0.071294009185449,-0.032306635781768914,0.06921315135254724,-0.03971747769039061,-0.07478870237781768,0.09887179240397756,0.008233171498134559,-0.09637463852967357,0.01425914231479937,-0.07079360817598311,-0.06744097677558952,0.04775295824916109,0.03043720109895756,-0.014722236982421921,0.0028837137762498938,0.011732099693163717,-0.00821491696162295,-0.07975857256539481,0.05373362542247534,0.05406869092190189
place_19,몸국 맛집,맛집,33.499,126.531,0.03542516536005408,0.056982271217422165,0.00409323144061631,0.0022983404986520323,-0.021293067414807035,0.09936338741957981,-0.042127010845085855,-0.07034804136306108,-0.047784285086888346,-0.0479125612797342,-0.03452659701107785,-0.04641783113105735,-0.07847121242687086,-0.034900051508543736,-0.0377869858997157,0.013848003175263884,-0.05967381316550749,-0.08584245604216999,-0.05948959423021738,0.008488518678556337,-0.022287637194850093,0.04669411491409184,0.06061190679444592,-0.017112481569047877,-0.08012831720844318,0.04559897694465498,0.051132628102297406,-0.020787333786038545,0.03165785966696172,-0.04018984351942452,0.08297869488939785,0.06676137321966777,0.058392604644705054,0.0907830035781757,-0.05343174073890922,0.009050386513172165,0.046275447469529246,0.060294847499320514,-0.021943978679905232,-0.07229129950008635,0.025263462205682402,-0.07907162823197916,0.04107197144339886,-0.09860901988003745,-0.009100027522579587,-0.004049106547038633,-0.07604025226805369,-0.003961316012460497,1.326574981501405e-05,-0.026185695188790367,0.07925462803540104,0.07321403351947584,0.07810694426725334,-0.051023289424879686,-0.09482352813187607,-0.024677672308979173,-0.07726836550860859,0.041046183783460255,-0.047412455178192064,-0.07432334501203493,-0.0432584249239443,-0.01931533620787336,0.04707991953349944,-0.007792022170553484,-0.039764511125814986,0.03547401393279742,-0.0909346624057295,-0.058158787621142266,0.03749401862176066,0.050409389168920654,-0.07973821541224246,-0.08670641263020368,0.0011592767405975285,0.03129001849368113,-0.09677685771111395,-0.01264478169537249,-0.04504002470467108,-0.08297898601536052,-0.06577217365784824,-0.042831880028416605,-0.006592007232244429,-0.07755549519838761,0.024068690046174443,0.07575096189696204,0.03679527612152694,-0.08640477295391807,0.0296991645485703,0.026773543884154954,-0.09824607241431992,-0.02306019273284335,0.030509767368095714,0.09002829736027626,0.08579072958128303,0.013906284489731746,0.01777023428169619,0.09169375338107208,-0.0578746761913868,0.0018285770974107995,-0.08769125636732303,0.05491925519840821
place_20,제주 카페 드 몽드,카페,33.499,126.531,0.08112793523490414,0.03725083140534052,0.053301851272528844,0.08092324756265473,-0.04803451050220462,0.027145173921197835,0.08098913893329576,0.07442607481394212,0.014588133849844365,-0.06612438257488602,-0.017695387591808664,0.09876760255546593,-0.07935044001776402,-0.03617217023014206,0.09000782159070006,-0.010119848829534914,-0.05826948553351141,-0.03661920335088141,0.08172716897922255,-0.032886237906305224,-0.014525641362779923,0.025536767419948564,0.06111701405293296,-0.0015772828386232396,-0.08370680331238614,0.014641988639000611,-0.09298056930032948,-0.0810950054470428,-0.06193249187853503,0.03868764454786516,-0.04330551578840101,0.038049962009165966,-0.06733011063343727,-0.07646062239156999,-0.09533105452723303,0.04115674232536501,0.07182252830440669,-0.05606687728474871,-0.05248612604139376,-0.09740398258109578,0.028971689369786835,-0.03985078442186403,-0.0726255391615926,0.02937471171596323,0.01994671035005638,-0.01052228971346518,-0.06939734232063557,0.027734132519070226,0.011137862254388814,-0.013419796292885963,-0.0670656824025881,0.08576684401441581,0.07263411152517002,0.037960575707537164,0.0992004674371662,0.0160722977348412,-0.031044511163199798,-0.0767303065854243,0.02153714008902463,0.0038976523181743217,-0.012712579708806349,0.09852696980882591,0.0678965092912224,-0.07703371080169036,0.07684273316484533,-0.09960003970560444,0.030293245313102735,-0.03693465490301258,0.045956990721964464,0.09050722190351027,0.006069707507648431,0.052583662756493066,-0.08912810558703069,0.033468967920683906,-0.07649082997727547,-0.00895526773143536,-0.03329461066026565,-0.08537954006519202,0.049447745246591096,-0.08134748588088057,-0.04853770041063948,-0.082816362446257,0.032455761404562244,-0.03979820957236877,-0.09113578977044075,-0.09457110435604975,-0.05607280505727202,0.00132804170366993,-0.09756932086264668,-0.09524298023351359,0.03331443480363522,0.00545968993939927,-0.07297384307993562,-0.03758132774400487,-0.07479297307286199,-0.04499184621986359,-0.022392119320278764,-0.05639961028128307,-0.060492965788889436,-0.05472113028584316
place_21,한라봉 카페,카페,33.458,126.942,-0.06701010403336041,0.03795338484351346,0.026999988080944115,-0.0041799055885097525,-0.056797130421219436,0.058526671640049294,0.061570860390685545,0.0024912479275186195,0.001016830694002338,-0.0527887273007579,-0.09936387387794057,-0.02579066167357845,0.01707249943642483,-0.08614704736333774,0.05875020437139303,-0.05354945671335607,-0.05346100972008927,-0.09153291666976227,0.09951224177386317,0.04773755039379218,0.07500790418203038,0.023178017797828104,-0.09318598813300466,-0.03421413072921434,-0.0004895363838741257,-0.0768380378949401,0.09039282342480229,-0.026310671831333426,-0.06903738865104055,0.06350188864538653,-0.07502457975057829,0.08558877262405978,-0.009374481199534837,0.01040057499476979,-0.03141571521558875,-0.0030592722429371166,-0.06261824717356548,-0.09257208932944834,0.07317711684129297,-0.05302677590456109,0.05605186998453346,-0.05828755695552477,0.09375379950242277,0.07879316606818976,0.050958490296164755,0.05255852922408685,0.01615314183953276,0.04595147530872645,-0.07550442582350525,-0.004734922112610063,0.06540361700655425,-0.059784115342451455,0.08463348917089566,0.07751194318506577,-0.01807966188790308,-0.02695589072330544,-0.009735674408914013,-0.022844463113022087,0.09896854532428453,-0.02268134464963581,-0.09463286722582485,-0.08134749359049838,0.04361851322054558,0.09856468138455121,-0.0007978469091177304,-0.0016920789031436706,0.010086179672744944,0.04963520396079546,-0.05559339587164161,0.021780278263451372,0.011297400265924809,0.024524544347389973,-0.06386452813494765,-0.06598163004741511,-0.03035854573002668,0.08541472156700222,-0.030677315947633815,0.019447314634477547,-0.03867720924948841,-0.07934535418645679,-0.08687121134530043,0.06273916836681678,0.055403717501037314,-0.02502488917129478,0.036670358533706315,0.03518035638282119,0.07973952689465916,0.09165602362387329,-0.018597068015063112,0.09782192582351892,0.09228595307746643,0.0181037590120178,0.07663393072278715,-0.001817627987066056,-0.02488797058621621,-0.05055844197230422,0.07522892094533445,-0.06754148667780052,-0.0861329697978,0.06105635524908279
place_22,제주 바다뷰 카페,카페,33.361,126.529,0.09164187596345458,-0.07192628198472105,-0.0952767705722349,0.09972613073458289,-0.0631492708594294,-0.07588158735693501,0.030284248111583867,-0.03087103248748667,0.07791018795916058,-0.053651702002784796,0.09189701236733991,-0.03610963228925264,0.02022845771779931,0.08641752086877563,0.03705207367707547,0.08476983372868746,0.04162299615678966,-0.09031193319388575,0.07627347710925125,0.017911163365799926,-0.037863759068371944,-0.061973437397880686,0.0699616955393072,0.016564778284493833,0.08759778101576085,0.05479042825556135,0.0922384097430606,0.01326258340652571,0.03967706162696147,0.02246492405952985,-0.0483178180687853,0.09134340493854609,-0.0375055254984914,0.056221918569074575,0.09092686765799893,0.030175208323138025,-0.07155532199215014,0.06504519175083007,0.03350015236718551,-0.06299432600750073,-0.09017497846123841,0.006363314242996007,-0.09354713347645643,0.08501617945966819,0.0012559373442455196,0.0034623293313955916,-0.018111575547947983,0.03219996679494616,0.08329271105655722,-0.038538739735973084,-0.025244305435994943,0.016518773176078708,-0.04053629700015082,0.019126897396598924,0.008624102960728061,-0.013305631641229512,0.03464754357816094,0.005648142736170203,-0.08237810866450004,0.09929682976564164,-0.028860063703997296,-0.013648131815750086,-0.019439367863448062,0.08590083843645754,0.09043135672352717,0.002398693917310263,-0.01986818759626477,-0.08068683079037105,0.07910008012271458,-0.0657208203820098,0.009325205350302943,-0.03017224493793179,-0.03434239043328986,-0.02855836953290869,-0.061747933263205185,-0.09260495146689036,0.007090500197699259,0.05918145742839884,0.029415522126916616,-0.05969850472274754,0.03873078838139593,-0.0895815831496508,-0.017850673016916924,0.06562014989192466,0.08420301912289557,-0.00788481229063931,0.06930664050588828,-0.0002936710303507173,0.004791099035098334,0.016908631152219383,0.09825686169244974,0.04873564967266081,-0.005392473226528777,0.04545079926530113,0.02865354376150106,-0.029245343871788107,0.05683488415297103,0.06395903946118645,0.021681568412303703,0.0885455654851823
place_23,오설록 티뮤지엄,카페,33.393,126.239,0.08497305032518906,0.08972115559863544,0.07848666880971586,-0.08328986463386329,0.018405445377147056,-0.015250518353007725,0.0060176020236012845,-0.07393941175050389,-0.06160056849214146,-0.011085285225397395,-0.05579216536855618,-0.008993408230456718,-0.0950466065020863,-0.08284518274474978,0.04200164004898202,-0.015750327677161183,0.0025267848784712027,0.0468418157566991,-0.028200728042760068,-0.08848909407015632,0.056620471232100844,0.01782469655440097,0.031582542019979065,0.024198291027613394,0.09414704551579142,-0.02744149630437831,0.051957322448706184,-0.026263237046358648,0.01440935623835618,0.0321064218500636,-0.037121777872762704,-0.08285277513522574,-0.005186715457392133,0.043582800750559814,0.01812193958683403,-0.010509688145333124,0.028475693111993106,-0.06359415680318217,-0.06429200986983377,-0.03531753022466799,0.06317469853172827,-0.06087842943922,-0.07713975894104373,-0.08027916040101285,-0.09221336607931539,-0.044887107699969536,0.014564378977687559,0.0641326361745049,-0.033839030401340245,-0.026069213598780158,-0.04230313518322078,-0.03904251322963941,0.05551649995852745,0.009798693982206633,-0.04831629522214345,-0.0785745536988195,0.056761813341667994,0.041428690843404864,0.06571306510718797,-0.052394720422831,0.00909580460555863,0.0837486352701694,0.018539147228521208,0.08909328935002492,-0.06654804878039153,0.09500129376914976,-0.08881603832416073,-0.01675533593687137,-0.09532743966196529,0.06191265318637049,0.037441071886920835,0.09474712941378702,0.060992747158625654,0.08976562329660853,0.007719224608896999,0.09764351315062988,0.04980287267687117,-0.030771489417600065,0.09487823067341417,-0.024600168331567723,-0.06133722210378434,-0.08482458552074906,-0.006808439570256702,-0.06067101842917604,0.08671562591043974,0.0900907371873316,-0.05680977837494914,-0.07929930902072789,0.005793997123097097,-0.0660640110215403,0.008729667302949953,0.06256855165755534,-0.04938752934335007,-0.0156496790574034,0.08017400206890554,-0.01106149440717108,-0.03144475570828846,0.07846577378281808,0.06275118912024255,0.07903633209616859
place_24,제주 스타벅스,카페,33.239,126.414,0.04246859756538371,0.06795994726237467,-0.06348162260909651,0.09965652550359014,-0.061180904255250516,0.034177346053199664,-0.08164267732816154,0.05154739618114096,-0.06973994850161125,0.0413129378607445,0.044889865699678344,0.05318855645166584,-0.011724448997139494,0.07315447884951351,0.09758178984400173,-0.0768812477168883,0.0033788951764276848,0.09163216723696893,0.04782991386237018,-0.011158539828877781,-0.03907980397379565,0.09060624539126341,-0.0829763208519965,0.05211118944571708,0.0686509514024401,-0.06845989423810889,-0.034625876009118914,-0.03892836112604117,0.008417228831324855,-0.026600525288645982,0.0787381425995517,0.08492644312043315,-0.03676632890264729,0.07895597777219227,-0.08607791466894975,-0.08061899655166299,0.03302606135080263,0.05981422089477148,0.06383008487180922,0.0983955986641982,0.07194534880539935,-0.046717569884271115,0.04855701368134052,0.08493076145362286,-0.08128104571048869,-0.0011146489014094013,-0.06914448044772979,-0.07137991588673283,-0.0040896844894802165,0.03407622963834833,0.09475145903747526,-0.0737302087607487,0.001089050262235089,0.09947306142574572,0.05300131771822142,0.006419400567293995,-0.05147868829290643,0.026193444634413726,-0.04780821753532956,0.02878445616680897,0.029738505527970582,-0.021746651520505006,0.05895440177022687,-0.01929324557403607,-0.006222935970815108,0.06632530290745217,-0.04989483986127179,-0.06289891489877289,0.01487141225606188,-0.01308447369724934,0.07483297569446218,-0.050212463877943675,-0.025736017474892764,-0.08844818939115379,-0.009825747157645684,-0.037485750855854996,-0.01025498839197421,0.05280059291368083,-0.09250517624394249,0.09784904320237173,0.04228907586510158,0.062265210414327504,0.00776410772995248,0.015274528450289829,-0.01808631740453144,-0.02076612437031207,-0.055840104398549785,-0.03940254394420815,-0.041231655857289454,-0.03277387210035994,0.08143814960624043,0.059683416156098235,0.028222252136034326,-0.09656113399442066,-0.04753319781297449,0.008643128000759018,0.03842041737694191,-0.016147669553426766,0.02653536557102598,0.08102267278901557
place_25,한라산 카페,카페,33.305,126.289,-0.024607539521922808,0.08535770154526415,0.06868934782644845,-0.057190846009591324,0.07434162244908751,0.027292349150138312,-0.09152157476835986,0.0905944120248918,-0.04886326635670657,-0.0388198039461112,-0.015183968698754158,0.017702802805051904,-0.07512167010322529,0.037335460974244616,0.06644810467531526,0.002463810091439103,0.05889216355269894,0.024995992057775834,0.0649625046828137,-0.06381224312069163,-0.028264533707882608,-0.006121123545390489,-0.07920317369205959,0.0946212915086106,0.02720590483852786,-0.08035484164871176,0.01655523085042103,-0.01711480415878472,-0.06212072122673682,-0.06781350133025787,-0.00785129655531365,-0.08592602997503979,0.012615561588634708,0.002985564821594483,-0.07458401660713508,0.0750322281839968,-0.09189468541432433,-0.06558558631343833,0.06343565222904818,-0.05583689693773297,-0.015156591144670467,0.011916512916845215,-0.012887738936122092,-0.0011728307435775465,0.0009462500421379555,-0.0034522765244715814,-0.08847814229117071,0.06326730474064901,-0.043430171654751805,-0.09045204224111114,-0.018343185141548937,0.06288883742215146,0.025765238652723677,-0.008553150268701265,-0.0044000373221580735,-0.0560748436611805,0.023612395787576193,-0.029908642250757497,-0.08716228479229007,-0.07397795300973523,-0.08147528285688291,0.036899866442971274,0.07643893902852625,0.05109919329744059,-0.05610434126117669,-0.07058241980665061,0.09010767900716671,-0.02520360915255737,-0.06655784900309022,0.014287814343513741,0.02374967305346494,0.008145841245220026,-0.009611397431380772,-0.03924525326083235,-0.0010660059806528038,-0.008496717413075922,0.03626722756316231,-0.010347672736404606,-0.029016343500871303,0.09723055798844923,-0.07785505672078613,0.05112301746557335,-0.016547616842408866,0.061079330784034214,0.041638751283670866,0.013228496627630301,0.022027426828576904,-0.05409097884267178,-0.09678908560229585,0.04930911008228275,-0.04822826457710634,-0.07777973750011927,0.06227581539775878,0.018194852452562665,-0.09352975031411269,0.003893974142950854,-0.06728644860780408,0.0730510920772734,-0.04580233558667875,0.08796682681714788
place_26,우도 카페,카페,33.528,126.772,0.04945825324465672,-0.059449473530818066,-0.05896826918056928,0.02015142521860358,-0.08864854257125787,0.055265720115855954,0.05288222950287738,-0.09165274392042873,0.03667898867042291,0.0005474927598498186,0.027088741108176217,0.09074652976162698,0.09735150597652437,-0.018171866659490638,0.06882869035295208,0.057260886866597444,0.09435100235929156,-0.0942416762312352,0.08757890441152616,-0.05554366090267411,-0.07411772725508572,0.019491574888199484,0.06777180398296084,0.09133476225835108,-0.027144251400760586,0.06553789017222753,-0.09384186710360276,0.09370121916683954,-0.04130802922744823,0.008701666499216693,-0.07513267172947675,-0.09123444908203585,-0.09846203556011456,0.02003148743124232,0.012224650850319055,0.06318912553665848,0.07022796223474992,-0.015309382331354218,0.0694684575394941,-0.05985368183820921,0.07617790691700774,-0.04989130914602256,0.08795044515167291,-0.02313834299607384,-0.014387408484332023,0.003664013975843511,-0.08821663394655861,-0.08502182643737169,0.008987527413151522,0.042818446128308596,-0.0910502462878664,-0.01864978042536447,-0.026006386285769387,0.056230907129076274,0.09808739261800867,-0.08188235781439455,0.008737591395959532,-0.07916296212785918,0.05674803710732687,0.08844340953301658,0.04129503288473996,0.016308300308630036,-0.09189519829707085,-0.08074740368803837,-0.05206495256232098,-0.08365278696839427,-0.07324288684320912,0.09186271321247177,-0.03041537719898217,0.08137178988387675,0.05216700375830796,0.055080170868608475,0.08257178616813074,0.03958211457171118,-0.030470684884147795,-0.006065841610658082,-0.021985726489127153,-0.09354086374268851,-0.09118244625339347,0.01351872981809639,0.0045481370561398365,0.09448529178042211,0.024121703125311075,0.06373763186925188,-0.004698641548651697,0.016403016720764316,0.06310943605144115,-0.09318579033803227,-0.09617002187957623,-0.014075668083584472,-0.04155962173265624,-0.014381222182692,-0.08719768778719972,-0.06622176781473205,-0.08031023879835555,0.021742906970172587,-0.09339224565032128,-0.09589774184749596,0.036140534160635396,-0.015341580591186593
place_27,성산일출봉 카페,카페,33.247,126.559,0.02969944399577662,0.04027390819373494,0.09140940053161359,-0.060719378182367945,-0.08692615292310002,0.06485148599678836,-0.03338666967613589,-0.025525056072843347,0.06297316462233915,-0.06333304606700121,0.08193628972743414,-0.001766100792077438,-0.08573255728224155,0.08356247341269968,0.014599702737085801,-0.084253575487739,0.0677158883589701,0.05496301117227484,0.04803385742412822,0.03150564050597304,0.09854104571001363,-0.09757929169384015,0.09488620581635657,0.0285496167518359,-0.049412208590614216,0.022488796621869672,-0.032433541700211996,0.03006285760919966,0.040849414191419964,0.004846731038348845,-0.08025232855124363,-0.021611822021088398,-0.03959281010718929,0.049882216447331845,0.08624536698695262,0.055130655586473065,0.006096813209229543,-0.06596355071727618,0.04150785975399077,-0.046988514750773064,0.09945923991639205,-0.06541813466625535,0.09364764489279787,-0.09699021361459814,0.0559421824682029,-0.030728513166796576,0.01481523748437015,-0.016837607227289705,-0.03841677308586518,-0.012462994646383632,0.06316017131152138,-0.029458753745726,-0.02781336284133866,0.05628694186419789,-0.06445830690412452,-0.028520710946953146,0.003291238936007579,0.0034704152483412826,-0.06600887744433442,0.05288606693611958,-0.002172811991400958,-0.08171045283289471,-0.03232654815355,-0.08856014401751731,-0.03125210458642316,-0.0771376739413045,-0.04912968457295402,0.011180589639158217,0.03790815782904797,-0.040036117350191795,-0.007309190504602353,0.0026438133677139097,0.017170017991202463,0.08138915640856079,-0.05667999254973802,0.05467368137484491,0.010854258451792914,0.07890637065259717,0.03702223318954104,-0.09922211677948892,-0.08850050364004598,0.05942812441236042,-0.040767860860247376,0.022839918516627103,-0.08058065618259658,0.012430674467843711,-0.01787135489882019,-0.007880758141636052,-0.0993061435510123,0.07914629572491388,0.06879501842219293,0.04842775168199426,0.02419718830317752,-0.054627958862520476,-0.06163681150951677,0.06758025846847204,-0.03412888671305188,-0.023262042065995095,0.07600109735548374,-0.03102743031810558
place_28,제주 그랜드 호텔,숙소,33.499,126.531,-0.0774085659647674,-0.0738295666193135,0.01945217804922421,-0.0643909152948758,-0.07350065613100774,-0.007180288786206579,-0.016486406011996246,-0.05733417102051386,-0.02166455810833881,0.0684527873325528,-0.07377955078124653,-0.062482759056645756,-0.09444071589857422,-0.05202258069881221,-0.08100296643317768,0.09694800063652079,-0.03708896980207037,0.09780208591418002,-0.07411233458460745,0.0808000086737724,0.0012907006140447097,0.03811475295258307,0.032443512674171227,-0.04586249349655798,-0.05348926943903925,0.03589188225410492,-0.07371489971868123,-0.09735323796483271,0.05421049190208524,0.026607878022766873,-0.047977350535007714,0.004068242808605543,0.08198268400579103,-0.044218123367950946,-0.07523617956654201,-0.016552530398775495,-0.06649211316985346,-0.026378446714249895,-0.0934756794134942,0.052748253696777686,0.06129488421702775,-0.0252702025182409,-0.02449380040549967,-0.048499313240398335,0.09077605215641596,0.07554786876493044,0.032478934035962415,-0.06500943119784727,-0.06552714659470582,0.053460443894819826,-0.062049113587430975,0.03770905961896051,-0.015792551719230885,-0.09378917184157812,-0.06046537449746885,0.08266845190922983,-0.03552702164826527,0.034928129155664955,0.052324865603749576,-0.02028397156850474,-0.00017485944179695956,0.07203572116640575,0.04540332183022783,0.004190793940500787,0.008932470963206998,-0.010351235317495197,-0.014694416285654571,0.03420611980142871,-0.05127711375720585,0.07310051906305284,-0.041128268141146056,-0.05373506659856697,0.09273736779893518,-0.09697783673480001,-0.01857797401035255,0.010514118153353277,-0.012029102239695819,0.06590098120312796,0.03470509726079912,0.0008524535918976311,-0.09928852819158569,0.09693002470602982,-0.026903902479649383,-0.028035451344700535,-0.056082143777919584,-0.06070979154610304,-0.07947482672482067,-0.07372706067809268,0.03449979073559781,-0.04074634332806548,0.002170569608985512,0.030516343484954522,-0.0855791030035525,0.05200250858672684,-0.0611511525945742,0.06096796620043776,0.0775768862470114,-0.009790352722443246,-0.03609787829752857,0.001187259677581709
place_29,제주 바다뷰 펜션,숙소,33.458,126.942,0.009623810762339827,-0.03083363533238903,0.06897021771332554,-0.04228051291893136,0.002069005261749912,-0.031237144182748366,-0.01690121439300156,0.09477175926021347,-0.07925346218433929,-0.011059342843000558,-0.05503848671455052,-0.030086687079786165,0.09974802210612593,-0.03414020699641965,0.02155555716494953,-0.01607662612783904,0.04609072387120383,-0.010558496449756455,-0.06591284242354703,-0.013217461430830135,-0.01838797528404945,0.05854351771441954,0.012521290069072016,-0.06071974405105385,0.03476904246573237,-0.04032491702098376,0.0023781623698584803,-0.05602874782867684,-0.017849101187845842,0.05722262780740342,0.0031407656426425123,0.050464575450250154,0.05134790882364923,0.017418692570874333,0.029032067166867292,-0.020542650191543083,0.02359040207929064,0.05544768258224636,-0.08016326467534703,0.08752597702987841,-0.02655251196405417,-0.07217763175951866,-0.06999995605861015,-0.03186480879492515,-0.08614681876881887,-0.02042798822624528,-0.01698228325667575,0.031069300213459466,-0.0066824402194177734,0.08705718311291336,0.03187497579409948,-0.035795905075251794,0.07497925288146953,0.039810010751056,0.09346356188509847,0.04686869789782944,0.09312485407939716,-0.058956377697534396,-0.04432806519386861,0.09446143173433105,-0.09562470406513662,0.08475111337654356,0.08207990757904235,-0.072819890921661,-0.06984511719611333,0.08318985403997689,0.09194239656910783,0.07393083132552966,0.04490110731044389,0.05195669181051321,-0.03842950594348163,-0.09852062025525084,0.02557667273025649,0.07644451418300222,0.08978876030230123,0.002963259465808929,-0.09832777805429936,-0.06512822700171689,-0.010179453537471558,-0.05387883921595491,-0.09446388523171526,-0.061461297784543546,-2.5087561718900586e-05,-0.07462524891650069,-0.0774475921066949,-0.06690819584727828,-0.09326267294925666,0.05670461413016897,0.07312509897850025,-0.05964758812881517,0.026798048419259812,0.0752524190132011,-0.05127715625865901,-0.033316248317134714,0.07628271553552557,0.052379392089086735,0.0242331432033929,0.058781827546488946,0.01459858604128754,-0.03702973539933285
place_30,제주 한라산 리조트,숙소,33.361,126.529,0.00781631292116211,-0.042160711272055895,-0.0939926182897746,0.03072715077855237,-0.05799826089005378,-0.04854460500407816,-0.020560347473354515,0.02831563075493454,0.0977622420807443,-0.007693397987474995,0.09869700152033375,0.09851439883172558,-0.05146489288531136,-0.08547097742573173,-0.0680197955540764,0.06838054629579113,0.019910945789253703,0.08349253297117207,0.09443382148725435,0.030884764117599273,0.007040956440672194,-0.08647379368333304,-0.09529798738864373,0.06105885738554273,0.034393942773044334,0.05260234837058697,0.01313049360437217,0.03477875184778839,0.027744563761776864,0.07903513009841998,-0.07764999626060794,-0.0011099160704819422,-0.03816118966140558,0.06586898462269122,0.07541539715487422,-0.04959396644384098,-0.08393150398382827,-0.051355274469579174,-0.037076999070459915,0.05392700587025931,-0.018054759626981817,0.04997992441920013,-0.039809061319990985,0.004748497371468846,-0.06272626299854518,0.029076861338679844,0.002620974855519334,0.07253244319111393,0.08969256629385236,0.004003687706071998,-0.08634888228739737,0.08745423206102493,0.08896876588869448,-0.005149239483312626,-0.0028698842800622126,0.08650701564379643,-0.04926624956638053,-0.048880246439038766,0.03904592972631221,0.03499556656179123,0.03721189824524826,0.06560224173507478,0.002483752794299382,-0.015971263251569945,-0.05489859143682883,-0.057332957570339384,-0.026029338039736324,-0.013652470859162436,0.047928921602484936,0.024006146638757705,0.002146892187245869,-0.023968275395826105,0.02508936363342079,-0.023544162062686905,0.059460864681155495,0.028762411819634515,0.03894366692209231,-0.025355575516321213,0.003579440919538185,0.04424865865507083,0.09133419885626229,0.005754263602448462,-0.035842928259878046,0.0378552573752578,-0.0760923001582135,-0.033077762183157985,-0.09346003445751155,0.010559864223391655,-0.04923319690386228,-0.02164824198863835,0.057505486641461795,0.027080429392598637,-0.09260577305607416,-0.011450426789981538,-0.09865862705681,0.064638678126088,-0.0007024219455384478,0.0700821435048122,-0.047070898952989104,0.06461358594398811
place_31,제주 힐링 스테이,숙소,33.393,126.239,-0.09754435052040492,-0.07752022778395284,-0.021432527689851488,0.03677285469065339,-0.07226181335707385,-0.07751128742812255,-0.053639528585209956,0.05151849707900233,-0.07051975580794433,0.048131039788001206,0.03243333110305263,-0.07268429513101399,0.007132349509557739,-0.010449814012543274,-0.017485983364389862,0.09926873831910113,-0.08137772214688631,-0.0959267083253743,0.08796038312862672,-0.019410837677816706,-0.06030047356199073,-0.03393811823138647,-0.027021055524264773,0.09102256930852431,-0.05793354403380398,-0.056614793216678866,0.016980188582425892,0.009476292222817179,0.09074861265951914,0.06773656931503155,-0.028899177708118298,-0.059228437918983357,0.06728270619520779,0.0977955719477118,-0.09392605709118723,0.04700916041617595,0.07367112850946275,0.030230137421002973,-0.05632819055357485,0.059318854559049866,0.04596365148942441,-0.061237623794907006,0.02817707779828066,-0.0561633534996298,-0.09171731283754643,-0.03279799179230143,-0.033131445092114284,-0.02076679098334315,0.02935272403174327,0.06723464327510681,0.09226469876342491,0.0952861558634979,0.09870121046201394,0.05796951617670246,-0.038737373208358954,-0.06474037534015462,0.024750360751095865,0.009163757917741128,0.034903003715098524,-0.08129523966673168,-0.06144179101473442,0.08420342474265477,0.020277907512681742,0.0390734940126887,-0.08087095965508605,-0.020165545814014557,0.08201865152355681,0.029865999280259792,0.0983307657910519,-0.06062135083378113,-0.009039991792140947,0.060108989974754584,-0.011064673359791305,0.057782882524325146,0.01233589755594551,-0.07639253993676268,-0.08022681046559027,0.09659915661383553,-0.0761361510146045,-0.06117855131461292,-0.03295735394604596,0.04269195048532451,0.07081779264192464,-0.004862698826257034,-0.0003704747384317003,0.057687447238018746,-0.04439968934599268,-0.02551991197249237,0.02254426552393307,0.027244951711125676,-0.09238478116012926,-0.07759601997521136,-0.07241379946872611,0.045025658020767884,0.038584076609700035,0.09463088934002448,0.05350824151125913,-0.04904919044710046,0.053099864395915075,0.09700652281921512
place_32,우도 펜션,숙소,33.239,126.414,-0.08451564322933919,-0.05727664210700234,-0.03937433257944292,0.08004273658662284,-0.0007495015497183954,0.044048114178404624,-0.07995292644989437,0.0017854114328937076,0.06861458578268062,0.004559862152587302,0.08894015102484912,0.07636002670045339,-0.025807865558248363,-0.09985078045366769,0.05105343726506062,-0.07471815865537455,-0.0981178321160831,0.04613683040886196,0.0685683909102753,0.06731550587390367,0.09068718243403417,-0.05966595046779921,-0.08369984725983337,-0.07584998751408092,0.09554913569310972,-0.07761492024708382,-0.06809151405266353,-0.09598008180947828,-0.09013354938952874,-0.09234668231673125,-0.02939352359356477,-0.06734633525013159,-0.03806506137783819,0.08576204105078103,-0.06650355825626603,0.06287126066169435,0.047671485393179,0.013704409563495348,0.015138989809731246,0.05402887766531414,0.017418776884991646,-0.05414090560613623,-0.034104359032687895,-0.05119735499777241,-0.01987126344240886,0.09745234741169581,-0.014649613653663046,-0.08607180596395198,-0.004650837169413474,0.06253753629347678,-0.010889872665844735,0.04046029596236142,-0.08181896379090337,-0.08751916716651109,0.03234908172472631,-0.09034686155319503,-0.03959842004544645,-0.02307544044266434,-0.06129726679706091,-0.09272705392583032,-0.0986523114079752,0.09032583016829521,0.03774023849862035,0.09035847389781873,-0.0016587265153866493,0.09088288983111645,0.07250944264184683,0.02360594767758628,0.005032084243118587,0.0017338338988453772,-0.05490731241776339,-0.024757534890493108,0.04458053167278059,-0.06095198269454221,0.0699836506814353,0.001966789556477222,0.020833724266794307,0.06436734102799269,0.029238673106569413,-0.07245550361097737,-0.05044963066613342,-0.09978859946250361,-0.0945226831619433,0.09029610008172642,0.01859791555216317,0.09375670875143524,0.05611374654551163,-0.03683743062960558,0.09343358191373646,0.0845122534430103,-0.008735352157573345,-0.0833475843397658,-0.0363129072874125,-0.06674025067658401,-0.026883264924749947,-0.0834959389016292,0.04264871105884968,0.09591139671378807,-0.05784777681561293,0.056006942230133444
place_33,성산 호텔,숙소,33.305,126.289,0.014065684627374633,0.026446599115755698,0.0634007719766547,-0.04454182911073104,0.030371993601715552,0.07816219111185624,0.08176570464277363,-0.0626974881004831,0.030345421888232527,0.023423455571393442,0.0006787677422094712,0.09323959303949195,0.005653244973667079,-0.0109491805997423,0.08871223132747139,0.02712396542843057,-0.03974110869501651,-0.0381481162931894,-0.0007798866944673105,-0.08948039152758645,0.021516339272024967,0.04717092167917694,-0.014771637595833484,0.06931757372689565,0.0855969091049755,0.011121594555319608,0.036270520457057476,-0.07654853781376861,-0.08879608911378299,0.09600448442645909,-0.043111978478417017,-0.05732745827658381,0.07933226684663897,0.04996382797635768,-0.07536342642678112,-0.035665771708536576,-0.05146435422779092,-0.0454588140247652,-0.09872542268950929,0.004936727372561525,-0.03913147962831392,-0.021158116476174646,-0.06291276859132784,-0.07798302191617035,-0.09341707324299452,0.07455108706267086,0.04947393042286535,0.011930387991759314,-0.07523162355523803,-0.07021007672955809,-0.07606944768404895,-0.03668944090151956,-0.08848058222235651,-0.04491914309834244,-0.05942104776638715,-0.06143232483150565,0.030745772106272606,-0.008440103236346252,-0.0053039464507946,-0.02838776470775986,0.007802792570403921,0.05703224221012576,-0.038398685327013404,-0.08595466314301473,-0.003765780657873502,-0.02416620886641843,0.0561012005232914,-0.07780163933692133,0.07454559541313313,-0.09703461388211634,0.008447326175414244,-0.011280519182938861,-0.036933776926055,0.0777801630552448,0.04042017737514353,-0.06735773099981363,-0.0010120723704006018,0.022452541415985378,-0.0932991479473821,-0.0825066717184022,0.02034747441150464,0.045901291492169344,-0.007462195635247831,-0.015587522168731646,0.0013890808915909963,-0.04788275141637657,0.07529837730848338,0.09235047661893533,-0.0036188149633702843,-0.09589351302527814,-0.020578151468002057,0.06060982936177303,-0.03500911419443363,-0.07888694262792627,-0.06294747603686908,0.04233498769955438,0.024403750825464116,-0.04276689751793708,0.024714917201526007,0.052132112866864144
place_34,제주 문화 호텔,숙소,33.528,126.772,0.00578707658808246,0.017149370949972334,0.06866524104671512,0.07972892825291863,0.07643730549373537,-0.02706083960149848,0.08976808796013741,-0.015185093946021716,-0.038763246921995426,-0.0810934207081069,0.0023356241323572446,-0.06903533027098528,-0.04515408672828252,0.022117069365781797,0.055275492601024045,0.05053226429797039,-0.08271936356838341,-0.08775335197269474,-0.048956625551257044,0.010392067886814987,0.06776873627264965,0.060093029419689165,0.08675000394396434,0.017758457174206904,0.0273379226178031,-0.0416085505759664,-0.03722957638980427,-0.058799330214982716,0.007055671780114375,0.02145113815535729,0.014638493535415062,-0.021603640104133376,-0.015220257288005759,-0.05031090127817195,0.0630376355527904,0.016208672033646288,0.04973925810290292,0.0623264215059417,-0.04383230296533802,-0.07659406724392213,-0.04342136246938229,0.08144201218752684,0.05833050187635966,-0.01890665325404621,0.055315226176833515,-0.03160636357793048,0.07308048294102604,-0.08194697719759858,0.04818504129038592,0.09607689749366038,-0.015985518894393064,-0.007618738170487888,-0.07382401459813626,-0.044949227362649814,-0.05322928554288589,-0.04076500041621467,-0.08630244148509025,-0.04011472237547673,-0.07913539918567161,0.004919103230864683,-0.018719460169474303,-0.05450807749060658,0.08864370561635732,-0.03811139648849713,0.006297747668764828,0.07893663752654093,0.05166691892465969,0.0931250449181171,0.021881772319579995,0.0741603664384842,-0.08697999258084509,0.04681995518360202,-0.0327790909862989,-0.03583228264244061,0.05392561582633268,0.048348731422072244,-0.03161991911835303,-0.027316326406417193,-0.044276301559678946,0.08680011736509335,0.02294438427222198,-0.048013441991533484,0.00645876495124087,-0.08844886100128516,-0.04608523232033082,0.0002890173536975321,0.09453472209714053,0.0716326827789355,0.009507720856113844,0.05262239298758417,-0.04962362550926891,0.03884271218580046,0.09923688735913613,-0.06919983704661402,0.08652603802049899,0.09707504756750748,-0.02639983931517867,0.06279420759803467,0.09772505152530905,-0.07044215185803933
place_35,중문 리조트,숙소,33.247,126.559,0.009738921128764441,0.05010819007713416,0.049461345881920804,0.07300902479000199,-0.04281864101927662,0.09311449267290317,0.013348005804138266,0.04947781939171797,0.05097966322719835,0.08583989113564305,-0.04517755560145125,-0.026675637356322682,0.043468901394976306,0.01705933202916765,0.05007357462750803,-0.027141870545415836,0.09104724155975932,-0.09774480745693151,0.044336380802508124,-0.025090548796898607,-0.09495612183074718,0.03501678183104556,-0.08968446996305844,-0.05306968244942454,-0.03500280666550759,-0.06859122165921772,-0.06717147593921399,-0.08527702021826958,0.06921715790216407,-0.0833881612212057,-0.0678380361548856,-0.08460036713749193,0.08188419510425199,0.009172224597850567,0.06449661916567592,0.09449251862645655,-0.0009493450478218202,-0.021013857992208895,-0.022215853578391218,-0.04707104001029159,0.018951309874119415,0.09325795539646883,0.0006786175888403162,0.05132954276351098,0.07779386017649392,0.0660175340094559,0.03413966646300398,0.009665713420922623,-0.08042778361825623,-0.024526416650156577,0.07063186347169012,-0.01156394125954359,0.03615702093777046,-0.048052404954771546,0.01661363649734586,-0.056153273215055366,0.057176938026412966,0.06268625583214016,-0.09639301455229637,0.03305219572696799,-0.08108955455381,0.08982575640028287,-0.06489152606678017,-0.07422440692888295,0.07851752860162503,0.022935601497944463,-0.09783107985338885,-0.0068156428580345985,0.06578966341934028,-0.06694617892628765,0.05052707870517539,-0.041553129931996495,-0.011606152743494608,-0.020864865464745308,-0.08927545145575906,-0.02205227937429581,0.004453211629842954,0.023753853553197632,0.00795447454630252,-0.06605662652377353,0.021124539500002232,-0.04199769870004209,0.08001294833796899,-0.0803674290416398,0.05532250485769513,-0.08292055040672573,0.012617930534254376,-0.029761492116019292,-0.00806201252065157,0.03746097378961738,0.05961092022065473,-0.09926825843514374,0.07679953815386528,0.030338191180631163,-0.07937327737501543,0.03929702781447689,0.06195138667038569,-0.025552279244886456,0.07566047092888342,-0.06757813996718262
place_36,전통 한옥 스테이,숙소,33.506,126.953,-0.03425989589338041,0.09664278331525561,0.09184950709546921,0.08366488800851454,0.057981126434324515,0.07501332473545427,-0.09991944506389124,0.025397810602866888,-0.05047147084859811,0.046088891703419316,-0.013522108846137318,0.012017633420358956,0.008555013057215538,0.015232396733537087,0.06546823157371506,0.09630937932425543,-0.0308904398138619,0.06122024118250147,0.07785281873242628,-0.021585833776504873,-0.07530854267755292,-0.0005224470770352763,0.0529312479548803,0.004839128694409431,-0.06310703979176191,0.04109401940300619,-0.035093656609541043,0.07724809728450474,-0.06630123406177431,0.018776622410212565,-0.022906452565345473,0.09698917790441272,-0.07227587587003455,0.07602249416352586,-0.016472244416232476,-0.02562300741165678,-0.05836766977935353,-0.0010816232363193706,0.0858730356801149,0.09986534975849859,0.08791629859236935,0.02225037371595355,-0.05278151090930732,0.0014462999438341617,0.029946730297521068,-0.04080755792159066,0.09738194752835183,-0.08309662961048428,-0.05303401902043863,-0.05935615663559022,-0.06649258706347479,-0.0872620020430865,-0.05207504630690163,-0.02523329342339818,0.0878556619792201,0.00898966791661264,0.024961899787886502,-0.03037941382998048,-0.06597101310447506,0.012739732770984766,0.04562087096826656,-0.08298489585684438,0.029869212887333768,-0.058015341723353764,0.03799798596543652,-0.028931745947445964,-0.07048601392946328,-0.07195568247153006,0.05843534943635473,0.008053487003174237,-0.08289185095749052,0.08108035891321533,-0.04467075930736917,-0.04400439814460982,-0.09947740653119413,-0.03997603551896822,0.011966068971535293,0.07956829675978333,-0.040228612670081626,-0.00046213308866063785,-0.08400732967955922,0.03736939596746969,-0.03999620763765872,-0.024875561615743627,-0.04584086340169635,0.06366433929962637,0.09606725305389918,-0.07240468817620596,-0.00976604308278528,-0.07862166072657271,0.05007949795552269,0.08144440667571579,-0.07477163454216773,0.03652929709930158,-0.03921061970518798,-0.009974783611323784,0.01445930625711686,-0.02315772312986855,0.030264790436635935,-0.03465163224282948
place_37,제주시 호텔,숙소,33.499,126.531,0.03640091211759558,-0.08167947838408723,0.023563269772280473,0.06838398091019124,0.06691005771521796,0.0030035451582698797,0.02620759305913531,-0.026154033187416298,0.005603724403844934,-0.07842866333945363,0.03658998676665931,0.020133672349955972,-0.043615095428719,-0.02428543124636018,0.04722630742673428,-0.011224511050585265,0.09192321270731016,0.09425119296149648,0.06767252094970858,-0.08179449973537484,-0.08496947356511808,-0.042282803461398656,-0.027778587269439076,0.04099057828240307,0.06537729291288705,0.012524869093538199,0.027838213302466913,0.014615952924534104,-0.09318868099586262,0.005332675009070864,-0.05735123678267478,-0.016607431973484313,-0.09824319182697167,0.031156294807981905,0.0820446302904154,-0.08627781911617916,0.01601334843763698,-0.09530378829851294,-0.029625398624686314,-0.06814283904300344,0.07211638990298036,0.04560535552129888,0.07930703452553328,-0.05640717784189238,0.04377989964420265,0.03989940468556774,0.0021365980050351424,0.08323876306670178,0.024985247913106454,-0.04343837757020222,0.04341856420576268,-0.0037526366961822405,-0.05739349534155718,0.023560994319145004,-0.09034273410029013,-0.01018668248508818,0.01135326571573654,-0.09949236472434915,0.029714003561645913,-0.0823606588790804,0.029948869541576162,-0.03177403606375105,-0.09410943672377702,0.0998659851391975,-0.0871655649278643,-0.06874210591895588,0.0011498893167720958,-0.05097822574137667,0.00608568681558426,-0.005194525381886542,0.015306447714284424,0.008725416478694209,-0.04115420559607974,-0.05770848972804113,0.03890926862638594,-0.014203575879758845,0.004105734140587083,0.08318213922569975,-0.09830310589470621,-0.04453125883929557,0.01268019800855355,-0.0892011549707904,0.05079501892872887,-0.01973298274521032,-0.036725863713823984,-0.06111335442797259,0.09336087302943857,-0.09068859187172117,0.06428974156736661,0.040911183415974356,0.07949722791369326,0.04024901166118991,-0.0306117821407359,0.009995104789355655,0.08432401209832319,-0.09182185106573648,0.06998991898236279,0.034685858797302155,-0.06063270461618249,0.09334812737172105
